,Rango de edad,Especialidad médica u odontológica,Postítulo,Diplomado (superior a un semestre)
0,15 a 19 años,,,8.0
1,20 a 24 años,21.0,508.0,645.0
2,25 a 29 años,2068.0,2293.0,2739.0
3,30 a 34 años,1831.0,1806.0,2062.0
4,35 a 39 años,458.0,1092.0,1215.0
5,40 y más años,135.0,1826.0,2393.0
6,Sin información,,11.0,3.0
7,Total general,4513.0,7536.0,9065.0
8,Promedio de edad,30.5384444936849,34.4510299003322,34.9246303244317
